name, description, price
ABSORB,leathercare set,0
ABSORB,leathercleaner,100
ADMETE RUND,chair pad,0
ADMETE,chair pad,100
ADMETE,dish towel,0
ÅDUM,rug,100
AGAM,junior chair,0
AGEN,children's armchair,100
AGEN,series,0
AGNARYD,picture,100
AGNE,bar stool,0
AGNE,stool,100
AINA,cushion cover,0
AINA,pair of curtains,100
AKURUM,wall top cabinet frame,0
AKURUM/RATIONELL,system,100
AKUT,3-piece kitchen utensil set,0
ALÄNG,floor lamp,100
ALÄNG,table lamp,0
ALARM,alarm clock,100
ALEX,drawer unit on casters,0
ALG,mirror,100
ALKALISK,alkaline battery,0
ALLAMÅLA,magazine rack,100
ALLAMÅLA,wall basket,0
ÄLMHULT,mug,100
ALSEDA,stool,0
ALSTER,2-piece salad server set,100
ALSVIK,single lever kitchen faucet,0
ALVE,add-on-unit for secretary,100
ALVE,bookcase with drawer,0
ALVE,cabinet with doors,100
ALVE,corner workstation,0
ALVE,desk,100
ALVE,drawer unit,0
ALVE,laptop table,100
ALVE,secretary,0
ALVE,storage bench,100
ALVINE PÄRLA,shade,0
ALVINE TRÅD,shade,100
ALVINE,bedspread,0
ALVINE,collection,100
ALVINE,series,0
AMALIA,chair cushion,100
AMMERÖ,series,0
AMORF FROST,window decoration,100
ÄMTEN,cleaning agent,0
ANDREA SATIN,duvet cover and pillowsham(s),100
ANDREA,rug,0
ANDRUP,rug,100
ANDY,drawer unit on casters,0
ANEBODA,series,100
ÅNES,4-drawer chest,0
ÅNES,chest with 2 drawers,100
ÅNES,mirror,0
ANITA,pair of curtains with tie-backs,100
ÅNN,bath faucet with strainer,0
ÅNN,sink,100
ANNAMOA,fabric,0
ANNO AMORF,panel curtain,100
ANNO INEZ,panel curtain,0
ANNO LJUV,panel curtain,100
ANNO SANELA,panel curtain,0
ANNO STRÅ,panel curtain,100
ANNO TUPPLUR,panel curtain,0
ANNO UNNI,panel curtain,100
ANNO VACKER,panel curtain,0
ANNONS,5-piece cookware set,100
ANORDNA LYX,pull-out storage unit,0
ANORDNA LYX,storage unit,100
ANORDNA MEST,pull-out storage unit,0
ANORDNA MEST,storage unit,100
ANRIK,coffee/tea maker,0
ANSLUTA,intermediate connection cord,100
ANSLUTA,power supply cord,0
ANSLUTA,power supply cord 6-way,100
ANTEN,scale,0
ANTIFONI,floor/reading lamp,100
ANTIFONI,work lamp,0
ANTIK,handle,100
ANTIK,knob,0
ANTILOP,highchair tray,100
ANTILOP,highchair with safety belt,0
ANTILOP,wall mount changing table,100
ANTONIUS,drying rack,0
ANTONIUS,foldable drying rack,100
ANTONIUS,height adjustable clothes dryer,0
ANTONIUS,laundry bag with stand,100
ANTONIUS,shelf,0
ANTONIUS,system,100
APA,storage box,0
APELSKÄR,sink faucet with strainer,100
ÄPPELVINÄGER MED LINGON,apple vinegar with lingonberries,0
ÄPPLARÖ,outdoor furniture,100
ARHOLMA,series,0
ÅRLIG,plant pot,100
ARRAK,plant pot,0
ÅRSTID,series,100
ARV,plate,0
ARV,series,100
ARVINN,folding chair,0
ÅRYD,series,100
ÅRYD,tealight holder,0
ÅSELE,shade,100
ÅSELE,table lamp,0
ASKER,series,100
ASPEKT,knife sharpener,0
ASPELUND,series,100
ASPVIK,series,0
ÅSUNDEN,basket with lid,100
ÅSUNDEN,basket with lid,0
ÅSUNDEN,basket,100
ATLANT,waste strainer,0
ÄTRAN,lockable cabinet,100
ÄTRAN,wall cabinet,0
ATTEST,handle,100
ATTEST,knob,0
ATTITYD,drawer unit,100
ATTITYD,wall cabinet,0
BÅDALEN,wall-mounted headboard,100
BAGIS,children's coat-hanger,0
BALSER,chair,100
BÄRBAR,tray,0
BAREN,glass shelf,100
BAREN,hanger,0
BAREN,toilet brush,100
BAREN,toilet roll holder,0
BAREN,towel holder,100
BAREN,towel rail,0
BARNSLIG RINGDANS,box with lid,100
BARNSLIG,mirror,0
BARNSLIG,place mat,100
BARNSLIG,series,0
BARNSLIG,textiles,100
BAROMETER,series,0
BASISK,series,100
BASISK,wall/clamp spotlight,0
BÄSTIS,lint roller refill,100
BEATA BLAD,duvet cover and pillowcase(s),0
BEATA ORKIDE,duvet cover and pillowcase(s),100
BEATA,collection,0
BEDDINGE,cushion cover,100
BEDDINGE,series,0
BEHANDLA,beeswax polish,100
BEHANDLA,series,0
BEHÖVD,vacuum flask,100
BEKVÄM,kitchen cart,0
BEKVÄM,spice rack,100
BEKVÄM,step stool,0
BENNO,series,100
BERIT,fabric,0
BERLEVÅG,mirror,100
BERLEVÅG,table mirror,0
BERNHARD,chair,100
BERTA RAND,fabric,0
BERTA RUTA,fabric,100
BERTIL,chair,0
BERYLL,quad spotlight,100
BERYLL,wall spotlight,0
BESKÅDA,curtain rod set,100
BESKÅDA,double wall hardware,0
BESTÅ ÅDAL TV,unit,100
BESTÅ BOÅS TV,storage unit,0
BESTÅ BURS TV,unit,100
BESTÅ BURS TV,storage combination,0
BESTÅ BURS,desk,100
BESTÅ BURS,wall shelf,0
BESTÅ JÄGRA TV,unit with casters,100
BESTÅ TV,storage combo with sliding doors,0
BESTÅ TV,unit,100
BESTÅ TV,storage combination,0
BESTÅ,shelf unit,100
BESTÅ,shelf unit/height extension unit,0
BESTÅ,storage combination,100
BESTÅ/FRAMSTÅ/INREDA,storage system,0
BEVARA,sealing clip,100
BIBBI SNURR,duvet cover and pillowcase(s),0
BIGARRÅ,series,100
BILAR,cars,0
BILD,poster,100
BILLSTA,series,0
BILLY,bookcase,100
BILLY,system,0
BIRGIT LANTLIG,duvet cover and pillowcase(s),100
BIRGIT SPETS,duvet cover and pillowcase(s),0
BIRGIT,collection,100
BIRGIT,duvet cover and pillowcase(s),0
BIRKELAND,series,100
BISSA,shoe cabinet with 2 compartments,0
BITIG,clock with noticeboard,100
BJÄRNUM,folding hook,0
BJÄRNUM,hat/shoe rack,100
BJÄRNUM,hook,0
BJOA,mirror,100
BJÖRKEFALL,block candle holder,0
BJÖRKEFALL,candlestick,100
BJÖRKEN,mirror cabinet,0
BJÖRKEN,wall cabinet,100
BJÖRKUDDEN,bar table,0
BJÖRKUDDEN,dining table,100
BJÖRKUDDEN/BERTIL,table and 4 chairs,0
BJURÖN,plant glide,100
BJURÖN,plant pot,0
BJURÖN,plant stand,100
BJURSTA,bar table,0
BJURSTA,bench,100
BJURSTA,series,0
BLADET,series,100
BLADET,vase,0
BLADHULT,series,100
BLADIS,series,0
BLÅMES,highchair with tray,100
BLANDA BLANK,bowl,0
BLANDA,series,100
BLANDA,serving bowl,0
BLANKEN,series,100
BLÅSIPPA,duvet cover and pillowcase(s),0
BLASKA,broom,100
BLASKA,dust pan and brush,0
BLASKA,laundry basket,100
BLASKA,window squeegee,0
BLECKA,hook,100
BLIXT,recessed spotlight,0
BLOMMIG,vase,100
BLOMSTER,candlestick,0
BLOMSTER,series,100
BLOMSTER,vase,0
BLOSSANDE,coffee accessories,100
BLOSSANDE,tea accessories,0
BOALT CD,rack for 35 CDs,100
BOALT DVD,rack for 29 DVDs,0
BOASJÖ,5-piece bathroom set,100
BOHOLMEN,1 1/2 bowl inset sink with drainer,0
BOHOLMEN,1 bowl inset sink with drainer,100
BOHOLMEN,2 bowl inset sink with drainer,0
BOHOLMEN,chopping board,100
BOHOLMEN,colander,0
BOHOLMEN,cover plate,100
BOHOLMEN,dish drainer,0
BOHOLMEN,double-bowl inset sink,100
BOHOLMEN,inset sink 1 1/2 bowl,0
BOHOLMEN,rinsing tub,100
BOHOLMEN,single-bowl inset sink,0
BÖJA,series,100
BOJNE,chair with armrests,0
BOLIDEN,chair and footstool,100
BOLMEN,series,0
BÖLSNÄS,basket,100
BOMULL,fabric,0
BOMULL,pair of curtains with tie-backs,100
BOMULL,rug,0
BONDIS,wall clock,100
BONETT,bevel-edged mirror,0
BONSAI CARMONA,potted plant,100
BOREN,wall edging strip,0
BÖRJE,chair,100
BORRBY,lantern for block candle,0
BORRIS,door mat,100
BOSSE,bar stool,0
BOSSE,stool,100
BOTNE,wardrobe,0
BRÄDA,series,100
BRALLIS,clothes-hanger,0
BRANÄS,basket,100
BRAVERA,frying pan,0
BRAVUR,wall clock,100
BREDGRUND,shower curtain,0
BREDSKÄR,single-bowl inset sink,100
BRIMNES,series,0
BRIMNES,wall cabinet with sliding door,100
BRITTEN DÖRR,fabric,0
BRITTEN HUS,fabric,100
BRITTEN NUMMER,fabric,0
BRITTEN STUGA,fabric,100
BRODER,system,0
BRUNKRISSLA,duvet cover and pillowcase(s),100
BRYGGKAFFE MELLANROST,ground coffee,0
BRYGGKAFFE MÖRKROST,ground coffee,100
BRYNE,net,0
BSORB,bycast leather cleaner,100
BULLAR,baking pan,0
BULLAR,loaf pan,100
BULLAREN,5-piece bathroom furniture set,0
BUMERANG,curved clothes hanger,100
BUMERANG,series,0
BURKEN,jar with lid,100
BURSJÖN,stool with storage,0
BYGEL,container,100
BYGEL,dish drainer,0
BYGEL,magnetic knife rack,100
BYGEL,rail,0
BYGEL,s-hook,100
BYGEL,series,0
BYGEL,wire basket,100
BYGGA,construction set,0
BYHOLMA,chair,100
BYHOLMA,series,0
CALYPSO,ceiling lamp,100
CAPITA,bracket,0
CECILIA,fabric,100
CELEBER,jar with lid,0
CELEBER,series,100
CENTRERA LYKTA,lantern,0
CHARLOTTA BLOCK,fabric,100
CHARLOTTA HIMMEL,fabric,0
CHARLOTTA MÄRKE,fabric,100
CHARLOTTA TECKNING,fabric,0
CHARLOTTA VILD,fabric,100
CHARM,egg slicer,0
CHARMIG,20-piece cutlery set,100
CHARMÖR,bowl,0
CHARMÖR,series,100
CHOSIGT,funnel,0
CHOSIGT,grater with container,100
CHRISTEL,cushion,0
CHRYSALIDOCARPUS LUTESCENS,potted plant,100
CILLA,chair pad,0
CLIPS,frame with clips,100
CYLINDER,series,0
DAGLILJA,bedspread/blanket,100
DAIM MINI,milk chocolate with caramel,0
DALFRED,bar stool,100
DÄMPA,curtain rod set,0
DÄNKA,ironing board,100
DATA,series,0
DÅTID,series,100
DAVE,laptop table,0
DAVE,laptop workstation,100
DEGERNES,underbed storage box,0
DEKA,curtain wire incl. clips,100
DEKAD,alarm clock,0
DEKAD,wall clock,100
DELIKAT,series,0
DESSERT,measuring cups,100
DESSERT,measuring spoons,0
DETOLF,glass-door cabinet,100
DIGNITET,corner piece,0
DIGNITET,curtain ring with clip,100
DIGNITET,curtain wire,0
DILLING,underbed storage box,100
DIMMA,cord dimmer,0
DIMPA,series,100
DINERA DEKAL,10 piece dinnerware set,0
DINERA DEKAL,bowl,100
DINERA,series,0
DIOD,glass,100
DIODER,lighting strip,0
DIODER,multipurpose lighting,100
DIREKT,3-piece kitchen utensil set,0
DISKA,dishwashing brush,100
DISKRET,plant pot,0
DISTANS,series,100
DITO,20-piece cutlery set,0
DITTE,fabric,100
DIVISION,suspension set for panel curtain,0
DJÄRV,plant pot,100
DOCKSTA,dining table,0
DOFTA,potpourri,100
DOFTA,potpourri in a box,0
DOKUMENT,pencil cup,100
DOKUMENT,series,0
DOLD,single portion sugar shaker,100
DOMSJÖ,chopping board,0
DOMSJÖ,rinsing basket,100
DRACAENA MARGINATA,potted plant,0
DRACAENA MASSANGEANA,potted plant,100
DRACAENA,plant,0
DRAGAN,3-piece bathroom set,100
DRAGAN,jar with lid set of 3,0
DRAGAN,soap dish,100
DRAGON,series,0
DRAGÖR,rug,100
DRÄLLA,bendable chopping board,0
DRÖMMAR,cookie sheet,100
DRÖMMAR,series,0
DRÖNA,box,100
DROPPAR,series,0
DROPS,collage frame for 7 photos,100
DUDERÖ,floor lamp,0
DUKTIG,8-piece table/kitchen textile set,100
DUKTIG,glass,0
DUKTIG,series,100
DUKTIG,tool box,0
DVALA,duvet cover and pillowcase(s),100
DVALA,fitted sheet,0
DVALA,flat sheet,100
DVALA,pillowcase for ergonomic pillow,0
EDGAR,folding chair,100
EDIT,cushion cover,0
EDLAND,nightstand,100
EDLAND,series,0
EDSVIK,dual control kitchen faucet,100
EFFEKTIV,system,0
EGEBY,rug,100
EGIL,stool,0
EIDE,bed frame,100
EKARP,floor lamp base,0
EKARP,table lamp base,100
EKÅS,shade,0
EKBY BJÄRNUM,bracket,100
EKBY HÅLL,bracket,0
EKBY HENSVIK,bracket,100
EKBY JÄRPEN,shelf,0
EKBY MOSSBY,shelf,100
EKBY ÖSTEN,shelf,0
EKBY ROBERT,bracket,100
EKBY STÅTLIG,shelf,0
EKBY STILIG,bracket,100
EKBY TONY,shelf,0
EKBY TRYGGVE,shelf,100
EKBY VALTER,bracket,0
EKBY VIKTOR,shelf,100
EKBY,shelf bar,0
EKORRE,series,100
EKTORP,cover free-standing chaise lounge,0
EKTORP,loveseat,100
EKTORP,lumbar cushion,0
EKTORP,neckroll,100
EKTORP,series,0
EKTORP,sofa,100
ELDIG HOB,450 B gas cooktop,0
ELDIG,gas cooktop,100
ELDIG,glass ceramic cooktop,0
ELGÅ,system,100
ELIAS,chair with armrests,0
ELISABET,fabric,100
ELLAKAJSA,dish towel,0
ELLY,dish towel,100
ELVERDAM,single lever kitchen faucet,0
EMSEN,double bowl corner sink,100
EMU,box with lid,0
ENERGISK,18 S refrigerator/freezer,100
ENERGISK,18 W refrigerator/freezer,0
ENGAN,series,100
ENJE,roller blind,0
ENSEMBLE,salt and pepper shakers,100
ENSEN,bath faucet with strainer,0
ENVIS,series,100
EPISTEL,series,0
ERBIUM,ceiling lamp,100
ERIK,drawer unit w 2 drawers on casters,0
ERIK,drawer unit w 3 drawers on casters,100
ERIK,file cabinet,0
ERIKSLUND,series,100
ERLAND,chair,0
ERLING,clothes-hanger,100
ERSERUD,shade,0
ERSLEV,rug,100
ESPRESSOKAFFE,spresso,0
ETTY,apron,100
ETTY,dish towel,0
EVABRITT,panel curtain,100
EVERT,stool,0
EXARBY,mattress,100
EXKLUSIVT,butcher block,0
EXPEDIT,series,100
EXPEDIT,shelf insert,0
EXPEDIT,single drawer insert,100
FABIAN,wall shelf,0
FABLER,3-piece cutlery set,100
FABLER,3-piece dinnerware set,0
FABLER KALAS,decorative stickers,100
FABLER KAMRATER,textiles,0
FABLER RESA,decorative stickers,100
FABLER,eries,0
FABLER,box with lid,100
FABLER,feeding and baby spoon,0
FABLER,mirror,100
FABLER,place mat,0
FABLER,storage bag,100
FABLER,textiles,0
FABRINA,bedspread,100
FADO,pendant downlight,0
FADO,pendant lamp,100
FADO,table lamp,0
FAMNIG HJÄRTA,cushion,100
FANSTA,shade,0
FANTAST,meat thermometer/timer,100
FANTASTISK,napkin holder for 50 napkins,0
FANTASTISK,paper napkin,100
FÄRGGLAD,children's chair,0
FÄRGRIK TROLSK,bowl,100
FÄRGRIK TROLSK,series,0
FÄRGRIK,bowl,100
FÄRGRIK,mug,0
FÄRGRIK,plate,100
FÄRGRIK,series,0
FÄRGRIK,side plate,100
FÄRM,vase,0
FARTYG,triple ceiling spotlight,100
FARTYG,wall spotlight,0
FARUM,rug,100
FASTBO,wall panel,0
FATTBAR,3-piece knife set,100
FAVORIT,saucepan with lid,0
FAVORIT,series,100
FEJKA,artificial plant in pot,0
FELICIA,series,100
FENOMEN,block candle,0
FENOMEN,block candle,100
FENOMEN,floating candle,0
FIBBE,bin with lid,100
FICUS MICROCARPA GINSENG,plant with pot,0
FIGGJO,mirror,100
FILLSTA,floor lamp,0
FILLSTA,pendant lamp,100
FILLSTA,table lamp,0
FINLIR FLADDRA,frame for 5-10 pictures,100
FINLIR,series,0
FINNGRUND,shower curtain,100
FISKEVIK,picture holders,0
FIXA,17-piece tool kit,100
FIXA,2-piece tool set,0
FIXA,8-piece tool kit,100
FIXA,clips/binder/touch+close fastening,0
FIXA,countertop cover strip,100
FIXA,diffusion barrier,0
FIXA,drill template,100
FIXA,floor laying kit,0
FIXA,floor protectors with rivet,100
FIXA,paint brush set,0
FIXA,picture hook,100
FIXA,screw with plug,0
FIXA,stick-on floor protectors set of 20,100
FJÄDRAR,inner cushion,0
FJÄLLSTA,series,100
FJELLSE,bed frame,0
FLÄCKIG,colander,100
FLÄCKIG,measuring cup,0
FLÄCKIG,mixing bowl,100
FLAKSA,ceramic sharpener,0
FLÄNG,hanger with 4 knobs,100
FLANÖR,plant pot,0
FLÅREN,series,100
FLÅREN,sink cabinet,0
FLÄTA,laundry basket,100
FLÄTA,magazine file,0
FLÄTA,magazine rack,100
FLÄTA,storage rack for writing materials,0
FLÄTA,wastepaper basket,100
FLATEN,storage tin with lid,0
FLIT,book-end,100
FLOKATI,rug,0
FLORERA MYS,scented candle with 3 wicks,100
FLORERA,series,0
FLORÖ,bed frame,100
FLÖRT,cd case,0
FLÖRT,unknown,100
FLUKTA,clock,0
FLYGEL,work lamp,100
FLYN LILL,panel curtain,0
FLYT,magazine file,100
FLYTTA,kitchen cart,0
FNISS,wastepaper basket,100
FOLKVIK TV,bench with storage,0
FÖRHÖJA,cutlery tray,100
FÖRHÖJA,series,0
FÖRHÖJA,wall cabinet,100
FORMAT,cabinet lighting,0
FORMAT,floor/reading lamp,100
FORMAT,work lamp,0
FÖRNUFT,20-piece cutlery set,100
FORSÅ,work lamp,0
FÖRSIKTIG,children's stool,100
FÖRSTÅ,coffee/tea maker,0
FORSYTIA,bedspread,100
FÖRTRÄFFLIG,scented candle in glass,0
FÖRVAR,jar with lid,100
FOTO,pendant lamp,0
FRÄCK,mirror,100
FRÄJEN,bath sheet,0
FRAKTA,cart,100
FRAKTA,hand cart with storage bag,0
FRAKTA,loading strap with buckle,100
FRAKTA,luggage straps,0
FRAKTA,shopping bag,100
FRAKTA,shopping bag,0
FRAKTA,storage bag for cart,100
FRAKTA,tarpaulin,0
FRAKTA,tarpaulin rope,100
FRAMSTÅ,wall bracket for flat screen TV,0
FRAMTID,microwave oven with extractor fan,100
FRAMTID,series,0
FRANKLIN,bar stool with backrest,100
FREDEN,series,0
FREDEN/HÖLLVIKEN,sink cabinet,100
FREDLIG,paper napkin,0
FREDRIK,series,100
FREDRIKA,fabric,0
FRIDFULL,plant pot,100
FROST,drying rack,0
FRYKEN,box with lid,100
FUGA,ceiling spotlight,0
FUGA,ceiling/wall lamp,100
FULLEN,high cabinet,0
FULLEN,mirror cabinet,100
FULLEN,mirror with shelf,0
FULLEN,sink base cabinet with 2 doors,100
FULLEN,sink cabinet,0
FYLLEN,laundry basket,100
GALANT,conference table,0
GALANT,system,100
GALEJ,candle dish,0
GALEJ,tealight holder,100
GÅNGBAR,curtain rod set,0
GARDENIA JASMINOIDES,potted plant,100
GÅSER,rug,0
GÅSGRUND,series,100
GÄSPA,fitted sheet,0
GÄSPA,flat sheet,100
GÄSPA,pillowcase,0
GATTEN,rug,100
GEDSER,rug,0
GEMAK,colander,100
GILBERT,chair,0
GILBERT,stool,100
GILDA,collection,0
GISLEV,rug,100
GLANA,collage frame for 4 photos,0
GLANA,frame,100
GLÄNSA,lighting chain w/144 bulbs,0
GLÄNSA,pendant lamp,100
GLASÖRT KULLE,duvet cover and pillowcase(s),0
GLASÖRT STRECK,duvet cover and pillowcase(s),100
GLASÖRT TRÄD,duvet cover and pillowcase(s),0
GLÄTTIG,place mat,100
GLENN,bar stool,0
GLIMMA,candle holder,100
GLIMMA,candle in a metal cup,0
GLIMMA,tealight holder,100
GLIMMA,tealights,0
GLIRA,handle,100
GLIRA,knob,0
GLIS,box with lid,100
GLITTER,handle,0
GLOBAL,work lamp,100
GLÖDA,bulb E12 sign,0
GLÖDA,bulb E17 reflector R14,100
GNARP,5-piece kitchen utensil set,0
GODIS MIX,glass,100
GODIS,glass,0
GODMORGON,box with compartments,100
GODMORGON,box with lid,0
GODMORGON,mirror,100
GODMORGON,series,0
GODMORGON,storage unit,100
GODMORGON,storage with compartments,0
GODMORGON,vanity light,100
GOLIAT,computer desk,0
GOLIAT,drawer unit on casters,100
GÖMMAREN,universal shower curtain rod,0
GORM,1 shelf section/bottle racks,100
GORM,2 shelf sections,0
GORM,shelving unit,100
GORM,system,0
GOSA ASTER,pillow,100
GOSA HASSEL,pillow,0
GOSA KÄRNA,pillow core,100
GOSA KÄRNA,pillow core,0
GOSA KLÄTT,pillow,100
GOSA KRISSLA,pillow,0
GOSA LILJA,pillow,100
GOSA PINJE,pillow,0
GOSA PINJE,pillow,100
GOSA PINJE,pillow,0
GOSA RAPS,pillow,100
GOSA RAPS,pillow,0
GOSA RAPS,pillow,100
GOSA SLÅN,pillow,0
GOSA SYREN,pillow,100
GOSA SYREN,pillow,0
GOSA SYREN,pillow,100
GOSA TULPAN,pillow,0
GOSA VÄDD,pillow,100
GOSA VÄDD,pillow,0
GOSA VÄDD,pillow,100
GOSA VIDE,outer pillow pocket w filling,0
GOSA VIDE/KÄRNA,pillow,100
GOSA VIDE/KÄRNA,pillow,0
GOSIG,eries,100
GRANÅS,series,0
GRANAT,cushion,100
GRAPEFRUKT,plant pot,0
GRATINERA,oven/serving dish,100
GRAVYR,handle,0
GRAVYR,knob,100
GREGOR,swivel chair,0
GREJ,handle,100
GREVBÄCK,series,0
GRILLA,grill pan,100
GRILLER,grater,0
GRIMEN,bed frame,100
GRIP,handle,0
GROGGY,coaster,100
GROGGY,corkscrew,0
GROGGY,tray,100
GROLAND,kitchen island,0
GRÖNÖ,table lamp,100
GRÖNÖ,table lamp,0
GRUNDTAL,ighting series,100
GRUNDTAL,bathroom series,0
GRUNDTAL,drying rack,100
GRUNDTAL,glass shelf,0
GRUNDTAL,kitchen series,100
GRUNDTAL,laundry bin with casters,0
GRUNDTAL,mirror,100
GRUNDTAL,rail,0
GRUNDTAL,s-hook,100
GRUNDTAL,wall shelf,0
GRUNDTAL/BREDVIKEN,sink with leg frame,100
GRUNDTAL/NORRVIKEN,sink with leg frame,0
GRUNKA,4-piece kitchen utensil set,100
GUBBSKÄR,bathmat,0
GULLIVER,bed frame with slatted bed base,100
GULLIVER,changing table,0
GULLIVER,crib,100
GULLUNGE,changing pad,0
GULLUNGE,cover,100
GUNILLA,fabric,0
GUNVOR,fabric,100
GURKÖRT,vase,0
GUSTAV,desk with shelf unit,100
GUSTAV,laptop table,0
GYLLEN,panel,100
GYLLEN,wall lamp,0
GYMNOCALYCIUM,potted plant,100
GYNNSAM,chef's knife,0
GYNNSAM,series,100
HÅBOL,box with lid,0
HAGALUND,sofa bed,100
HAGALUND,sofabed slipcover,0
HAKE,knife block with 4 knives,100
HÅLLARE,tealight holder for 7 tealights,0
HALLARYD,series,100
HÅLLÖ,series,0
HALOGEN,bulb E12,100
HALOGEN,bulb E26,0
HALOGEN,bulb G9,100
HALOGEN,bulb GU10 35°,0
HALOGEN,bulb GU4 MR11,100
HÄLSA,steel vacuum flask,0
HALSTED,door mat,100
HALSTED,rug,0
HAMPEN,rug,100
HÄNGA,children's coat-hanger,0
HANNES,desk,100
HANNES,hutch,0
HÄREN,bath sheet,100
HAROLA,chair,0
HARRY,chair,100
HÄSTÖ,headrest,0
HÄSTVEDA,armchair,100
HATTEN,side table,0
HÅVA,curtain rod set,100
HÅVA/ANITA,window solution,0
HAVBRO,rug,100
HAVTORN FÄRM,decorative vase,0
HAVTORN,decoration,100
HEAT,trivet,0
HEAT,trivet,100
HEDDA,collection,0
HEDERLIG,series,100
HEDRA,knob,0
HEIMDAL,bed frame,100
HEIMDAL,nightstand,0
HEJKA,chair cushion,100
HEJKA,rocking chair,0
HELMER,drawer unit on casters,100
HEMLIS,clothes-hanger,0
HEMMA,cord set,100
HEMMA,floor lamp base,0
HEMMA,table lamp base,100
HEMMET,rug,0
HEMNES,6-drawer chest,100
HEMNES,8-drawer dresser,0
HEMNES TV,unit,100
HEMNES,bedroom series,0
HEMNES,chest,100
HEMNES,children's room series,0
HEMNES,coffee table,100
HEMNES,living room series,0
HEMNES,mirror chest,100
HEMNES,nightstand,0
HEMNES,shoe cabinet with 4 comparment,100
HEMNES,side table,0
HEMNES,sofa table,100
HEMSJÖ,block candle,0
HENNY,collection,100
HENRIKSDAL,bar stool with backrest,0
HENRIKSDAL,chair,100
HENSVIK,children's room series,0
HERMAN,chair,100
HERRÄNG,block candle holder,0
HESSUM,door mat,100
HESSUM,rug,0
HIMMEL,bed canopy,100
HIPPEASTRUM,potted plant,0
HJUVIK,single lever kitchen faucet,100
HOJTA,place mat,0
HOL,side table,100
HOL,storage cube,0
HÖLLVIKEN,sink,100
HÖNEFOSS,mirror,0
HOPA,clothes-hanger,100
HOPEN,series,0
HOPEN,system,100
HOVÅS,chair cover,0
HOVÅS,footstool cover,100
HOVÅS,series,0
HOVÅS,sofa cover,100
HOVEN,rug,0
HOVET,mirror,100
HOVSKÄR,single lever kitchen faucet,0
HUGO,armchair,100
HUGO,armrest,0
HUGO,bar stool with backrest,100
HUGO,chair,0
HUGO,stool,100
HULDA VILSE,rug,0
HULINGEN,pedal bin,100
HULTET,dish,0
HULTÖ,easy chair,100
HURRIG,mug,0
HUSÅ,work lamp,100
HUSNES,mirror,0
HUSÖN,plant pot,100
HUSVIK,series,0
HUTTEN,9-bottle wine rack,100
HYLLIS,shelving unit,0
IDEAL,candle dish,100
IDEALISK,series,0
IDELIG,mixing bowl,100
IDGRUND,3-piece bathroom set,0
IKEA 365+,18-piece dinnerware set,100
IKEA 365+,,0
IKEA 365+ DRÖM,egg cup,100
IKEA 365+ DRÖM,mug,0
IKEA 365+ DRÖM,side plate,100
IKEA 365+ GNISTRA,chef's knife,0
IKEA 365+ LUNTA,pendant lamp,100
IKEA 365+ SÄNDA,3 way connector,0
IKEA 365+ SÄNDA,4 way connector,100
IKEA 365+ SÄNDA,track with 2 spotlights,0
IKEA 365+ SÄNDA,track with 3 spotlights,100
IKEA 365+ SÄNDA/IKEA 365+ BRASA,pendant lamp with track,0
IKEA 365+ SÄNDA/SKIMRA,pendant lamp with track,100
IKEA 365+,bed series,0
IKEA 365+,bowl,100
IKEA 365+,can opener,0
IKEA 365+,coffee cup and saucer,100
IKEA 365+,cookware series,0
IKEA 365+,dinnerware series,100
IKEA 365+,espresso cup and saucer,0
IKEA 365+,food storage series,100
IKEA 365+,garlic press,0
IKEA 365+,glassware,100
IKEA 365+,knife series,0
IKEA 365+,lighting,100
IKEA 365+,mug,0
IKEA 365+,plate,100
IKEA 365+,potato peeler,0
IKEA 365+,serving series,100
IKEA 365+,sugar bowl,0
IKEA 365+,teacup and saucer,100
IKEA 365+,teaspoon,0
IKEA PS BATIK,textiles,100
IKEA PS BINTJE,storage crate,0
IKEA PS BJUDA,carafe,100
IKEA PS BRUNN,vase,0
IKEA PS FÅNGST,hanging storage/6 compartments,100
IKEA PS FEJÖ,self-watering plant pot,0
IKEA PS GULLHOLMEN,rocking chair,100
IKEA PS HÅVET,mattress,0
IKEA PS JONSBERG,vase,100
IKEA PS KARLJOHAN,side table,0
IKEA PS KROG,plate,100
IKEA PS LÖMSK,swivel chair,0
IKEA PS LÖVÅS,mattress,100
IKEA PS MURBO,mattress,0
IKEA PS PLANK,room divider,100
IKEA PS SPRAKA,spice mill,0
IKEA PS STAM,mirror,100
IKEA PS STICKA,bedspread/blanket,0
IKEA PS STOCK,vase,100
IKEA PS STOFF,throw,0
IKEA PS STUGA,rug,100
IKEA PS SVINGA,hanging seat,0
IKEA PS TOTT,textiles,100
IKEA PS VÅLLÖ,watering can,0
IKEA PS VIRKA,textiles,100
IKEA PS,cabinet,0
IKEA PS,cabinet on casters,100
IKEA PS,clock,0
IKEA PS,collection,100
IKEA PS,laptop workstation,0
IKEA PS,organizer,100
IKEA PS,pendant lamp,0
IKEA PS,sofabed slipcover,100
IKEA PS,tealight holder,0
IKEA STOCKHOLM TRIANGEL,rug,100
IKEA STOCKHOLM TV,unit,0
IKEA STOCKHOLM,cabinet lighting,100
IKEA STOCKHOLM,collection,0
IKEA STOCKHOLM,footstool,100
IKEA STOCKHOLM,footstool cover,0
IKEA STOCKHOLM,sofa,100
IMPULS,pitcher with lid,0
INBYN,chest,100
INDIRA,bedspread,0
INDO GABBEH,rug,100
INFO,scale,0
INGEMAR,bar stool with backrest,100
INGO,dining table,0
INGOLF,bar stool with backrest,100
INGOLF,chair,0
INGOLF,chair pad,100
INGOLF,chair with armrests,0
INGOLF,chair with chair pad,100
INGOLF,junior chair,0
INGOLF,kitchen bench,100
INGOLF,stool,0
INNER,inner cushion,100
INREDA,cabinet lighting,0
INREDA,lighting strip,100
INSATS,measuring cups,0
IRIS,series,100
IRJA,curtain rod set,0
IRMA,cushion,100
IRMA,throw,0
ISDANS,roller blind,100
ISKORN,2-piece salad server set,0
ISTAD,plastic bag,100
IVAR,chair,0
IVAR,shelving unit,100
IVAR,system,0
IVETOFTA,lantern,100
JÄLL,laundry bag with stand,0
JÄMKA,food saver,100
JÄMKA,jar with lid,0
JÄMKA,series,100
JANNE,swivel chair,0
JANSJÖ,series,100
JANSJÖ,work lamp,0
JANUARI,cord set with diffuser,100
JANUARI,floor lamp base,0
JANUARI,table lamp base,100
JAREN,spring mattress,0
JÄTTEBRA,plant pot,100
JÄTTEFIN,plant pot,0
JAVNAKER,mattress set,100
JEFF,folding chair,0
JIGGA,handle,100
JOAKIM,swivel chair,0
JOHAN,desk with shelf unit,100
JÖKEL,floor uplight/reading lamp,0
JOKER,candle dish,100
JONAS,series,0
JONDAL,mirror,100
JONISK,floor/table lamp,0
JONSBO ÅSARP,table lamp,100
JONSBO ÅSARP,table lamp base,0
JONSBO BÄRBY,table lamp,100
JONSBO BÄRBY,table lamp base,0
JONSBO EGBY,table lamp,100
JONSBO GRYBY,table lamp,0
JONSBO GRYBY,table lamp base,100
JONSBO ILSBO,table lamp,0
JONSBO ORÖD,table lamp,100
JONSBO ORÖD,table lamp base,0
JONSBO,shade,100
JORUN FRÖ,duvet cover and pillowcase(s),0
JORUN,collection,100
JUBLA,pillar candle,0
JUBLA,series,100
JULES,junior desk chair,0
JULES,swivel chair,100
JULES,visitor chair,0
JULIUS,bar stool,100
JUSTINA,chair pad,0
KAJSA BLAD,duvet cover and pillowcase(s),100
KAJSA ROSOR,duvet cover and pillowcase(s),0
KAJSA STEN,duvet cover and pillowcase(s),100
KAJSA TRÄD,duvet cover and pillowcase(s),0
KAJSA,collection,100
KAJSA,small storage series,0
KAJSASTINA,fabric,100
KALAS,18-piece cutlery set,0
KALAS,bowl,100
KALAS,plate,0
KALAS,tumbler,100
KALASET,espresso cup and saucer,0
KALLT,5-arm candelabra,100
KALLT,7-arm candelabra,0
KALLT,decoration lighting,100
KALLT,garland with lights,0
KALLT,hanging decoration,100
KALLT,hanging lights/drape 48 snowflakes,0
KALLT,light chain 16 snowflakes,100
KALLT,light chain 24 spruce trees,0
KALLT,light chain 32 bulbs,100
KALLT,light chain 48 snowflakes,0
KALLT,light chain with 10 stars,100
KALLT,light stick,0
KALLT,silhouette light,100
KALLT,table lamp,0
KALLT,wall decoration 40 bulbs,100
KAMFER,plant glide,0
KANELBULLAR,cinnamon bun,100
KANIST,vase,0
KAPA,plant pot,100
KÅRABODA,lantern for candle in a metal cup,0
KARBY,rug,100
KARDEMUMMA,bowl,0
KARDEMUMMA,plant pot,100
KARDEMUMMA,series,0
KARENS,vase,100
KARIT,bedspread and cushion cover,0
KARLSKRONA,chaise lounge,100
KARLSTAD,2 chaise lounges + sofa,0
KARLSTAD,2 chaise lounges and loveseat,100
KARLSTAD,cover-sofabed,0
KARLSTAD,cushion,100
KARLSTAD,leg,0
KARLSTAD,series,100
KARLSTAD,series leather,0
KARSTEN,swivel chair,100
KASSETT,series,0
KASSETT,storage rack for writing materials,100
KASSETT,wastepaper basket,0
KATTRUP,rug,100
KATTUDDEN,toiletry bag set of 2,0
KAUSTBY,chair,100
KAUSTBY,chair pad,0
KAVALKAD,frying pan,100
KAVALKAD,series,0
KETTY RAND,cushion,100
KETTY VÄRLD,cushion,0
KETTY,pot holder,100
KEX BALLERINA,cookies with chocolate,0
KEX SINGOALLA,cookies with raspberry jam,100
KIBÄK,rug,0
KILBY,bookcase,100
KIVIK,chaise cover,0
KIVIK,cover one-seat section,100
KIVIK,loveseat cover,0
KIVIK,series,100
KIVIK,sofa cover,0
KIVSTA,shade,100
KLACK,tray,0
KLADD PRICKAR,bib,100
KLADD RANDIG,bib,0
KLADD,baby bib,100
KLAPPAR,series,0
KLÄPPE,swivel chair,100
KLAPPSTA,chair,0
KLAVIATUR,wall uplight,100
KLAVSTA,shade,0
KLEMENS,pair of armrests,100
KLEMENS,swivel chair,0
KLINGSBO,coffee table,100
KLINGSBO,series,0
KLINGSBO,side table,100
KLINTHULT,chair,0
KLIPPAN,loveseat,100
KLIPPAN,series,0
KLIPPIG,handle,100
KLISTRIG,place mat,0
KLOBO,loveseat,100
KLUBBO,coffee table,0
KLUBBO,nesting tables,100
KLUDD,noticeboard,0
KNÄCKEBRÖD LEKSANDS,rye crispbread,100
KNAPPA,pendant lamp,0
KNAPPA,series,100
KNASTER,decorative stones,0
KNATA,box with lid for paper,100
KNIPSA,basket,0
KNODD,bin with lid,100
KNOPPA,fitted sheet,0
KNOPPA,flat sheet,100
KNÖS,unknown,0
KNUBBIG,table lamp,100
KNUFF,magazine file,0
KNUTSTORP,chaise lounge,100
KNYCK,napkin holder,0
KÖGE,door mat,100
KÖGE,rug,0
KOJA,tent,100
KOLDBY,cowhide,0
KOLJA,mirror,100
KOLON,floor protector,0
KOMISK,triple cushion cover,100
KOMPISAR,bumper pad,0
KOMPLEMENT,basket,100
KOMPLEMENT,multi-use hanger,0
KOMPLEMENT,storage with compartments,100
KONCIS,roasting pan,0
KONCIS,series,100
KONSMO,series,0
KONVALJ,bedspread/blanket,100
KOPPANG,3 drawer chest,0
KOPPLA,6 outlet power bar with switch,100
KORALL ANEMON,tent,0
KORPO,chair with armrests,100
KORREKT,handle,0
KORSFJORD,5-piece bathroom set,100
KORT,art card,0
KOSING,handle,100
KOSING,knob,0
KOTTEBO,basket,100
KRABB,mirror,0
KRAFTIG,chopping board,100
KRAMA,washcloth,0
KRÄMARE,track light with 3 spotlights,100
KRÄMARE,triple ceiling spotlight,0
KRÄMARE,wall spotlight,100
KRAMFORS,series leather,0
KRISTALLER,chandelier,100
KRITTER,eries,0
KROBY,series,100
KROKEN,rail,0
KROKEN,series,100
KROKVIK,chair hanger,0
KRUS,jar with lid,100
KRYP,ceiling spotlight with 3 lights,0
KRYSSBO,series,100
KULLA,series,0
KULLA,table lamp,100
KULLEN,3 drawer chest,0
KULLEN,chest with 2 drawers,100
KULLEN,chest with 5 drawers,0
KURA,bed tent,100
KURA,reversible bed,0
KUSINER,series,100
KUVERT,place mat,0
KVART,series,100
KVARTA,alarm clock,0
KVARTA,wall clock,100
KVARTAL,ceiling fixture,0
KVARTAL,corner fixture for triple track,100
KVARTAL,corner piece,0
KVARTAL,draw rod,100
KVARTAL,glide,0
KVARTAL,single track rail,100
KVARTAL,top and bottom rail,0
KVARTAL,triple curtain rail,100
KVARTAL,wall hardware,0
KVIBY,4-drawer dresser,100
KVINTETT,wall uplight,0
KVISSEL,door mat,100
KVOT,dish drainer,0
LACK,series,100
LACK,wall shelf unit,0
LÄCKÖ,series,100
LADDA,battery charger and 6 batteries,0
LADDA,rechargeable battery,100
LAGAN,countertop,0
LAGAN,microwave oven with extractor fan,100
LAGAN,range with ceramic cooktop,0
LAGAN,single lever kitchen faucet,100
LAGAN,single-bowl inset sink,0
LÅGIS,mouse pad,100
LAGRA,floor/reading lamp,0
LAGRA,spotlight,100
LAGRA,work lamp,0
LAIVA TV,unit,100
LAIVA,bookcase,0
LAIVA,bridging shelf,100
LAIVA,desk,0
LÄKT,floor,100
LÄKT,molding,0
LÄKT,multi-function profile,100
LAMPAN,table lamp,0
LÄMPLIG,chopping board,100
LÄMPLIG,trivet,0
LANDET,6-piece vehicle set,100
LANDET,8-piece assorted animal set,0
LANDET,farmhouse with animals,100
LÅNGASJÖ,frame,0
LANNI,chair,100
LANSA,handle,0
LÄRD,20-piece cutlery set,100
LÅSBY,rug,0
LÄTT,children's table and 2 chairs,100
LÄTTSAM,baby bath,0
LÄTTSAM,changing table baskets set of 3,100
LÄTTSAM,children's potty,0
LAVER,chair,100
LEDET,floor lamp,0
LEDET,table lamp,100
LEDING,track light with 3 spotlights,0
LEDING,track light with 5 spotlights,100
LEENDE,carafe,0
LEGITIM,chopping board,100
LEGITIM,chopping board,0
LEGYM,2-piece salad server set,100
LEIRVIK,bed frame,0
LEKA,eries,100
LEKFULL LAND,rug,0
LEKFULL STAD,rug,100
LEKMAN,box,0
LEKPLATS,play mat,100
LEKSVIK,buffet,0
LEKSVIK,cabinet,100
LEKSVIK,children's room series,0
LEKSVIK,desk,100
LEKSVIK,dining series,0
LEKSVIK,hook,100
LEKSVIK,rack with 5 hooks,0
LEN STJÄRNA,crib comforter,100
LEN,crib comforter,0
LEN,crib fitted sheet,100
LEN,crib pillow,0
LEN,crib pillowcase,100
LEN,fitted sheet,0
LEN,flat sheet,100
LEN,mattress protector,0
LENA,fabric,100
LENDA,fabric,0
LENDA,pair of curtains with tie-backs,100
LERAN,pendant lamp,0
LERBERG CD/DVD,wall shelf,100
LERBERG,series,0
LERBERG,shelf unit,100
LERDAL,chandelier,0
LERSTA,reading/floor lamp,100
LEVANGER,mirror,0
LIALOTTA,plastic-coated fabric,100
LIATORP,coffee table,0
LIATORP,series,100
LIATORP,sofa table,0
LIDAN,basket,100
LIDAN,basket,0
LIDAN,basket,100
LIDAN,door-mounted storage,0
LIDAN,toiletry bag set of 2,100
LILL,pair of curtains,0
LILLABO,series,100
LILLÅNGEN,chest of drawers with 3 drawers,0
LILLÅNGEN,end unit,100
LILLÅNGEN,glass shelf,0
LILLÅNGEN,high cabinet,100
LILLÅNGEN,mirror cabinet with 1 door,0
LILLÅNGEN,mirror cabinet with 2 doors,100
LILLÅNGEN,series,0
LILLÅNGEN,shelf,100
LILLESAND,bed frame,0
LILLHOLMEN,ceiling/wall lamp,100
LILLHOLMEN,mirror,0
LILLHOLMEN,series,100
LILLHOLMEN,wall lamp,0
LIMMAREN,4-piece bathroom set,100
LIMMAREN,bottle,0
LINDMON,enetian blind,100
LINDSDAL,handle,0
LINDSDAL,knob,100
LINDVED,side table,0
LINGO,series,100
LINNARP,series,0
LINUS,chair,100
LISELOTT,roller blind,0
LIVFULL,plant pot,100
LJUSÅS SALBO,table lamp,0
LJUSÅS USTA,table lamp,100
LJUSÅS UVÅS,table lamp,0
LJUSÅS YSBY,table lamp,100
LJUSDAL,wall shelf,0
LJUSNAN,box with lid,100
LÖBBO,shade,0
LOCK,ceiling lamp,100
LÖDDER,series,0
LOGGA,series,100
LÖJA,20-piece cutlery set,0
LÖNSBODA,scented candle in glass,100
LOSSNEN,replacement brush,0
LOTS,mirror,100
LÖVA,bed canopy,0
LOVIKEN,dual control kitchen faucet,100
LUDDE,sheepskin,0
LUDVIG,laptop shelf/charging station,100
LUDVIG,laptop workstation,0
LUDVIG,router/modem wall cabinet,100
LUFTIG HOO,50 S exhaust hood,0
LUFTIG HOO,50 S exhaust hood,100
LUFTIG HOO,50 S exhaust hood,0
LUFTIG,exhaust fan,100
LUGN,bowl,0
LUGN,plate,100
LUMMIG,curtain rod set,0
LUMMIG/LINDMON,window solution,100
LUNS,writing/magnetic board,0
LUPIN,enetian blind,100
LUSTIFIK,hat/shoe rack,0
LUSY KLOSS,duvet cover and pillowcase(s),100
LUSY VÄV,duvet cover and pillowcase(s),0
LUSY,bedspread/blanket,100
LUSY,collection,0
LYCKA,series,100
LYCKHEM,dining table,0
LYCKHEM,occasional table,100
LYCKSELE HÅVET,mattress,0
LYCKSELE LÖVÅS,mattress,100
LYCKSELE MURBO,mattress,0
LYCKSELE,series,100
LYDUM,rug,0
LYFT,20-piece cutlery set,100
LYKTA,table lamp,0
LYSTER,candle dish,100
MACKIS,storage rack for writing materials,0
MAGASIN,chopping board,100
MAGASIN,cutlery caddy,0
MAGASIN,dish drainer,100
MAGASIN,rolling pin,0
MAGGAN,place mat,100
MAGGAN,table-runner,0
MAGNESIUM,spotlight,100
MAGNESIUM,spotlight system,0
MAJBY,chair with armrests,100
MAJKEN,fabric,0
MAJVOR,chair pad,100
MÅLA,series,0
MÄLARÖ,series,100
MÄLLA,box,0
MALM,3-piece headboard/bed shelf set,100
MALM,4-drawer chest,0
MALM,outh,100
MALM,series,0
MALMA,mirror,100
MALOU,duvet cover and pillowsham(s),0
MALTE,bar stool,100
MAMMUT,series,0
MANDAL,series,100
MANDEL,series,0
MÅNLJUS,pendant lamp,100
MÅNLJUS,table lamp,0
MÅNSTAD,corner sofa-bed w storage,100
MÅNSTAD,corner sofa-bed w storage,0
MAREN,toilet seat,100
MARGINAL,wall shelf with retaining edge,0
MARIEBERG,chair cushion,100
MÄRIT,place mat,0
MÄRIT,table-runner,100
MARIUS,stool,0
MARKLAND,floor,100
MARKUS,swivel chair,0
MARTIN,chair,100
MÅSNAN,toiletries bag,0
MATA,4-piece dinnerware set,100
MATILDA,pair of curtains,0
MATTEUS,desk,100
MÅTTLIG,milk-frothing jug,0
MAVAS,entertainment center,100
MEDALJ,pot with lid,0
MEDALJ,series,100
MELBU,bed frame,0
MELDAL,day-bed frame,100
MELLTORP,dining table,0
MELLTORP,occasional table,100
MELODI,pendant lamp,0
MERETE,pair of curtains,100
METALL DUTT,picture holders,0
METALL EPOK,frame for 2 pictures,100
METRIK,handle,0
MICKE,series,100
MIEN,storage box,0
MIL,floor lamp,100
MIL,work lamp,0
MINDE,mirror,100
MINNA,fabric,0
MINNEN,series,100
MIXA,3-piece kitchen utensil set,0
MIXTUR,oven/serving dish,100
MIXTUR,series,0
MJÄLLBY,scented candle in pot,100
MJÄLLBY,scented candle in pot with lid,0
MJÖD,series,100
MJÖNÄS,lantern with block candle,0
MJÖNÄS,tealight holder,100
MOLGER,mirror,0
MOLGER,series,100
MOLNIG,chandelier,0
MONALIS,fabric,100
MONGSTAD,mirror,0
MÖRKT,lantern for candle in a metal cup,100
MÖRKT,lantern for tealight,0
MÖRRUM,bed frame with drawers,100
MOSES,swivel chair,0
MOSJÖ TV,unit,100
MOTORP,series,0
MOTTO,bowl,100
MUDDUS,drop-leaf table,0
MULA,24 building blocks with wagon,100
MULA,abacus,0
MULA,bead roller coaster,100
MULA,crane with blocks,0
MULA,shape sorter,100
MULA,stack &nest cups,0
MULA,stacking rings,100
MULA,toy hammering block,0
MULIG,clothes bar,100
MULIG,clothes rack,0
MUSIK,wall lamp,100
MUSSLA,2-piece knife set,0
MYDAL,bunk bed frame,100
MYKEN,table mirror,0
MYSA GRÄS,comforter,100
MYSA LJUNG,comforter,0
MYSA RÖNN,comforter,100
MYSA RÖNN,comforter,0
MYSA RÖNN,comforter,100
MYSA RÖNN,comforter,0
MYSA STRÅ,comforter,100
MYSA STRÅ,comforter,0
MYSA STRÅ,comforter,100
MYSA STRÅ,comforter,0
MYSA VETE,comforter,100
MYSA VETE,comforter,0
MYSA VETE,comforter,100
MYSA VETE,comforter,0
NÄCKTEN,bathmat,100
NÄCKTEN,hand towel,0
NÄCKTEN,shower curtain,100
NANDOR,chair,0
NÄRHET,series,100
NÄSBY,door mat,0
NÄSSJÖ,candle holder,100
NÄSSJÖ,candlestick,0
NÄSTVED,rug,100
NÄSUM,series,0
NÄTT,20-piece cutlery set,100
NEDDA,chair pad,0
NEGLINGE,candlestick/tealight holder,100
NEKTARIN,self-watering plant pot,0
NIDELVA,storage tin with lid,100
NILS,armchair,0
NILS,chair,100
NILS,stool,0
NISSE,folding chair,100
NIVÅ,floor liner,0
NJUTA,bath brush,100
NJUTA,bathrobe,0
NJUTA,body puff,100
NJUTA,foot file,0
NJUTA,foot/nail brush set of 2,100
NJUTA,pajamas,0
NJUTA,slippers,100
NOGA,teething rail for crib,0
NOJS,alarm clock,100
NOMINELL,pair of armrests,0
NOMINELL,swivel chair,100
NON,bookcase/picture lighting,0
NON,countertop lighting,100
NON,countertop lighting,0
NON,spotlight with shade,100
NORBO,wall-mounted drop-leaf table,0
NORDANÖ,series,100
NORDDAL,bunk bed frame,0
NORDEN,dining table,100
NORDEN,series,0
NORDEN,sideboard,100
NORDMYRA,chair,0
NORESUND,mirror,100
NORESUND,nightstand,0
NORNA,chair pad,100
NORRESKOG,scented candle in glass,0
NORRNÄS,chair,100
NORRÖRA,2-piece bathroom dish set,0
NORRSKEN,low-voltage wire,100
NORRSKEN/DECENNIUM,spotlight,0
NORRSKEN/DYGN,spotlight,100
NORRSKEN/STRATOSFÄR,spotlight,0
NORRSTEN,collection,100
NORRTORP,wall shelf,0
NORVALD,chair,100
NORVALD,chair pad,0
NOSTALGISK,series,100
NOT,floor uplight,0
NOT,floor uplight/reading lamp,100
NUMERÄR,countertop,0
NUMERÄR,countertop,100
NUMERÄR,sink bowl,0
NUTID HDN,650 S exhaust hood,100
NUTID,23 S refrigerator/freezer,0
NUTID,23 W refrigerator/freezer,100
NUTID,25 S refrigerator/freezer,0
NUTID,forced air oven,100
NUTID,oven,0
NUTID,series,100
NYFORS,floor lamp,0
NYFORS,floor/reading lamp,100
NYFORS,table lamp,0
NYFORS,work lamp,100
NYPONROS,duvet cover and pillowcase(s),0
NYSNÖ,2-piece bar set,100
NYSNÖ,champagne flute,0
NYSNÖ,disposable cup,100
NYSNÖ,glass,0
NYSNÖ,ice bucket with tongs,100
NYSNÖ,mug,0
NYSNÖ,mug and saucer,100
NYSNÖ,napkin holder,0
NYSNÖ,paper napkin,100
NYSNÖ,paper plate,0
NYSNÖ,paper side plate,100
NYSNÖ,pitcher,0
NYSNÖ,place mat,100
NYSNÖ,serving bowl,0
NYSNÖ,serving plate,100
NYSNÖ,serving stand,0
NYSNÖ,wine/champagne cooler,100
NYSTED,rug,0
NYTER,paper napkin,100
NYTTIG FIL,2 charcoal filter,0
NYTTIG FIL,3 charcoal filter,100
NYTTIG FIL,4 charcoal filter,0
NYTTIG FIL,5 charcoal filter,100
NYTTIG,power supply cable w/3-prong plug,0
NYTTIG,power supply cable w/4-prong plug,100
NYTTJA,frame,0
NYTTJA,series,100
OBSERVATÖR,unknown,0
ODDA,nightstand,100
ODDA,series,0
ODDA,wall cabinet with sliding door,100
ODDVAR,stool,0
ÖDMJUK,series,100
OFELIA VASS,duvet cover and pillowcase(s),0
OFELIA,collection,100
OLLE,chair,0
OLUNDA,picture,100
OLUNDA,series,0
OMAR,1 shelf section,100
OMAR,1 shelf section/bottle racks,0
OMAR,2 shelf sections,100
OMAR,basket,0
OMAR,shelving unit,100
OMAR,system,0
OMAR,wine shelf,100
OMAR,wire basket,0
OMSORG,shoe tree,100
OMSORG,shoe tree,0
OMTYCKT,place mat,100
ÖPPEN,bowl,0
ÖPPEN,plate,100
OPTIMAL,series,0
ORCHIDACEAE,potted plant,100
ORDENTLIG,place mat,0
ORDNING,colander,100
ORDNING,cutlery caddy,0
ORDNING,dish drainer,100
ORDNING,kitchen utensil rack,0
ORDNING,scale,100
ORDNING,timer,0
ORE,shower curtain rod,100
ÖRESUND,toilet seat,0
ORGEL VRETEN,floor lamp,100
ORGEL,series,0
ORRLÖT,4-piece bathroom set,100
ÖSTERBYMO,frame,0
ÖSTERBYMO,frame for 2 pictures,100
OTTAVA,pendant lamp,0
OVANLIG,vase,100
OXEL,box spring cover,0
OXSKÄR,single lever kitchen faucet,100
PÅLITLIG,vase,0
PAPAJA,plant pot,100
PAPAVER OVAL,duvet cover and pillowcase(s),0
PAPAVER VÅG,duvet cover and pillowcase(s),100
PAPAVER,duvet cover and pillowcase(s),0
PARAGRAF,caster for hard floors,100
PATRIK,swivel chair,0
PATRIK,visitor chair,100
PATRULL,3 pair of anti-slip socks,0
PATRULL FAST,safety gate,100
PATRULL SMIDIG,safety gate,0
PATRULL SMIDIG,safety gate extension,100
PATRULL,bathtub mat,0
PATRULL,corner bumper,100
PATRULL,drawer/cabinet catch,0
PATRULL,multilock,100
PATRULL,safety chain,0
PATRULL,tub mat,100
PAX,system,0
PELLO,chair,100
PEPPARKAKOR ANNAS,ginger thins in box,0
PEPPARKAKOR ANNAS,ginger thins with almonds,100
PEPPARKAKOR ANNAS,ginger thins with cappuccino flavor,0
PEPPARKAKOR ANNAS,ginger thins with orange-flavor,100
PEPPARKAKOR ANNAS,wholemeal ginger thins,0
PERISKOP,hook,100
PERISKOP,towel rail,0
PERSIKA,vase,100
PERSISK GABBEH,rug,0
PERSISK HAMADAN,rug,100
PERSISK KELIM GASHGAI,rug,0
PERSISK KELIM,rug,100
PERSISK,rug,0
PHALAENOPSIS,potted plant,100
PILATORP,basket,0
PIRO,wall clock,100
PJÄS,basket,0
PJÄS,basket with base,100
PJÄS,decorative vase,0
PJÄS,dish,100
PJÄTTERYD,picture,0
PJÄTTERYD,series,100
PLAN,molding,0
PLAN,multi-function profile,100
PLAN,quarter round,0
PLAN,wall clip for skirting board,100
PLASTIS,dishwashing brush,0
PLASTIS,ice cube tray,100
PLASTIS,rubber gloves,0
PLATTA,decking,100
PLIKTIG,paper napkin,0
PLUGGIS,magazine file,100
PLUGGIS,wastepaper basket,0
POÄNG,chair,100
POÄNG,children's armchair,0
POÄNG,footstool,100
POÄNG,series,0
POKAL,series,100
POKAL,tumbler,0
POLARVIDE,throw,100
POMP,lantern for block candle,0
PORTIS,series,100
POTATISMOS,mashed potatoes,0
POVEL,caster for soft floors,100
PRÄGEL,countertop,0
PRAKTFULL PRO,51 S gas range,100
PRAKTFULL PRO,50 S exhaust hood,0
PRAKTFULL,gas range with wall panel/extr hood,100
PRÄKTIG,curtain rod set,0
PRÄNT,box,100
PRÄNT,box with lid,0
PRÄNT,magazine box with lid,100
PREMIÄR,series,0
PRESSA,clothes pin,100
PRESSA,hanging dryer with 16 clothes clips,0
PRESSA,ironing board cover,100
PRESTERA,fish/poultry shears,0
PRICKIG,microwave lid,100
PRODUKT,milk-frother,0
PRÖJS,desk pad,100
PROMPT,roasting pan with grill rack,0
PROPER,series,100
PRUTA,food saver,0
PUGG,wall clock,100
PULT,ceiling lamp,0
PUNKT,caster for soft floors,100
PUNKTLIG,paper napkin,0
PYRA,wok,100
PYSSLA,bead shape set of 4,0
PYSSLA,beads,100
RÅÅN,4-piece bathroom set,0
RÅÅN,mirror,100
RÅÅN,series,0
RÅÅN,soap dish,100
RÅÅN,soap dispenser,0
RABALDER,cable reel,100
RÅDIG,espresso maker 3 cup,0
RADIUM,spotlight system,100
RAGNA,fabric,0
RAJTAN,spice jar,100
RAKET,table easel,0
RAM,frame,100
RAM,mirror,0
RAMSKÄR,bathmat,100
RAMVIK,coffee table,0
RAMVIK,side table with drawer,100
RÄNTA,countertop lighting,0
RARITET,cheese dome,100
RARITET,food saver,0
RARITET,sereis,100
RAST,3 drawer chest,0
RAST,nightstand,100
RATIONELL,series,0
RÄTTVIK,series,100
RAVENEA,potted plant,0
REBBENES,leg frame,100
REDA,food saver,0
REDALEN,bed frame,100
REGOLIT,pendant lamp shade,0
REGOLIT,series,100
REKO,glass,0
REKTANGEL,series,100
REKTANGEL,vase,0
RENATE FLORA,pair of curtains,100
RENATE,collection,0
RENATE,shade,100
RENLIG,dishwasher,0
RENLIG,dishwasher with tall tub,100
RENLIG,integrated dishwasher,0
RENS,sheepskin,100
RESURS,carving board,0
RETRÄTT,knife block,100
RETUR,recycling bin,0
RIBBA,frame,100
RIBBA,frame for 2 pictures,0
RIBBA,series,100
RICKARD,swivel chair,0
RIGEL,hook,100
RIGGA,clothes rack,0
RIKLIG,teapot,100
RIKTIG ÖGLA,curtain ring,0
RIKTIG,curtain ring,100
RIKTIG,gathering tape,0
RIKTIG,hook,100
RIKTIG,tie-back,0
RILL,caster,100
RILL,locking caster,0
RINGSKÄR,detergent dispenser,100
RINGSKÄR,single lever kitchen faucet,0
RINGUM,rug,100
RISÖR,room divider,0
RISTEN,box with lid,100
RISTEN,box,0
RITVA,series,100
RIVAL,chopsticks 6 pairs,0
ROFYLLD,childrens rocking-chair,100
ROGER,chair,0
RÖJA,label holder,100
ROMANTISK,tray,0
RÖNÅS,block candle holder,100
RÖNÅS,candlestick,0
RÖNÅS,series,100
RÖNÅS,tealight holder,0
RONDO,18-piece dinnerware set,100
RÖNNBÄR,plant pot,0
RÖNNBÄR,saucer,100
RÖNNSKÄR,series,0
RÖRA,mortar and pestel,100
ROSTAD LÖK,roasted onion,0
ROTERA,lantern for tealight,100
RUDOLF,swivel chair,0
RUFSIG,wok utensils,100
RUGGA,picture hook,0
RULL,knob,100
RUNDEL,laundry bin,0
RUNDEL,wastepaper basket,100
RUSCH,wall clock,0
RUSIG,decorative stickers,100
RUSIG,rocker,0
RUSTIK,20-piece cutlery set,100
RUTBO,series,0
RUTER,ironing board,100
RUTGER/JULES,swivel chair with casters,0
RYKENE,bed frame,100
RYKENE,nightstand,0
SAGOSTEN,removable cover,100
SALMI,dining table,0
SALONG,vase,100
SALTGRUND,shower curtain,0
SALTSKÄR,mirror cabinet,100
SALTSKÄR,wall cabinet,0
SAMLA,series,100
SAMTID,floor/reading lamp,0
SAMTID,table lamp,100
SANELA,cushion cover,0
SANELA,pair of curtains,100
SANSAD,children's stool,0
SANSAD,children's table,100
SARALISA,fabric,0
SARITA,fabric,100
SARITA,pair of curtains,0
SÄTER,2.5-seat sofa,100
SÄVERN,mirror,0
SÄVERN,series,100
SÄVERN,towel hanger/shelf,0
SÄVERN,wall shelf unit,100
SAXNÄS,frame,0
SCHLUMBERGERA,potted plant,100
SEBASTIAN,bar stool,0
SEDLIG,20-piece cutlery set,100
SEDLIG,coffee spoon,0
SEDLIG,salad/dessert fork,100
SEDLIG,spoon,0
SEDLIG,teaspoon,100
SEKIN,serving bowl,0
SEMVIK,4-piece bathroom set,100
SEMVIK,tumbler,0
SENIOR,oven/serving dish,100
SENIOR,series,0
SIGNE,rug,100
SIGNUM,series,0
SIGRID,dish towel,100
SIGRID,pot holder,0
SIGRID,series,100
SINDAL,door mat,0
SIRLIG,chandelier for 10 candles,100
SJÖVIK,buffet,0
SJÖVIK,dining table,100
SKALA,tray,0
SKÅLIG,serving plate,100
SKÄNKA,frying pan,0
SKÄNKA,pot with lid,100
SKÄNKA,series,0
SKÄR,series,100
SKIMMER,block candle holder,0
SKIMMER,candlestick,100
SKIMRA,shade,0
SKIR,series,100
SKOJ,wall clock,0
SKOJIG,ighting Series,100
SKOJIG,wall lamp,0
SKOJIG,work lamp,100
SKORPOR FULLKORN,wholemeal crisprolls,0
SKORPOR KARDEMUMMA,cardamom crisp rolls,100
SKRAPA,rubber spatula,0
SKRIBENT,book-end,100
SKRUVSTA,swivel chair,0
SKUBB,box,100
SKUBB,box with compartments,0
SKUBB,clothes cover,100
SKUBB,hanging clothes bag,0
SKUBB,organizer with 5 compartments,100
SKUBB,organizer with 9 compartments,0
SKUBB,series,100
SKUBB,shoe box,0
SKUBB,storage box,100
SKUBB,storage case,0
SKUGGIG,curtain rod set,100
SKUGGIG/ENJE,window solution,0
SKUTTA,coaster,100
SKUTTA,place mat,0
SKYDD,wood treatment oil,100
SKYDDA,series,0
SLABANG,alarm clock,100
SLÄTTEN,floor,0
SLÄTTHULT,series,100
SLIPAD,3-piece knife set,0
SLIPAD,knife block with 5 knives,100
SLITBAR,chef's knife,0
SLITBAR,series,100
SLOM,bottle with stopper,0
SLOM,series,100
SLUGGER,caster,0
SLUGIS,box,100
SLUGIS,lid,0
SLUKA,vacuum flask,100
SLUMRA,flat sheet,0
SMÅDAL TV,unit,100
SMÅDAL,bookcase,0
SMÅDAL,bookcase with drawer,100
SMÅDAL,coffee table,0
SMÅDAL,desk,100
SMÅDAL,glass door,0
SMAKA,cheese slicer,100
SMÄRT,table lamp,0
SMARTA NYTTA,serving bowl,100
SMARTA NYTTA,serving plate,0
SMARTA,oven/serving dish,100
SMARTA,pie dish,0
SMARTA,series,100
SMARTA,serving bowl,0
SMARTA,serving plate,100
SMASKA,3-piece cutlery set,0
SMASKA,6-piece feeding/baby spoon set,100
SMASKA,bowl,0
SMASKA,eating series,100
SMASKA,plate,0
SMASKA,training cup,100
SMEDSTA,swivel armchair cover,0
SMEDSTA,swivel chair,100
SMIDD,handle,0
SMILA BAGGE,wall lamp,100
SMILA BLOMMA,wall lamp,0
SMILA MÅNE,wall lamp,100
SMILA SOL,ceiling lamp,0
SMILA STJÄRNA,wall lamp,100
SMYCKA,artificial flower,0
SMYCKA,artificial garland,100
SMYCKA,artificial wreath,0
SMYCKA,series,100
SNÅLIS,box,0
SNÅLIS,lid,100
SNÅR,place mat,0
SNÄRTIG,artificial flower,100
SNÄRTIG,vase,0
SNIGLAR,series,100
SNILLE,swivel chair,0
SNILLE,visitor chair,100
SNITSIG,pot with lid,0
SNITSIG,series,100
SNITTA,knife,0
SNÖA,hristmas stocking,100
SNÖA FLINGA,fabric,0
SNÖA FLINGA,place mat,100
SNÖA HIMMELSK,cushion,0
SNÖA HIMMELSK,fabric,100
SNÖA MEDALJONG,tablecloth,0
SNÖA RUTAN,bag,100
SNÖA RUTAN,bath towel,0
SNÖA RUTAN,bedspread,100
SNÖA RUTAN,cushion,0
SNÖA RUTAN,duvet cover and pillowcase(s),100
SNÖA RUTAN,fabric,0
SNÖA STJÄRNA,apron,100
SNÖA STJÄRNA,carry bag,0
SNÖA STJÄRNA,children's apron,100
SNÖA STJÄRNA,dish towel,0
SNÖA STJÄRNA,duvet cover and pillowcase(s),100
SNÖA STJÄRNA,fabric,0
SNÖA STJÄRNA,oven mitt,100
SNÖA STJÄRNA,pot holder,0
SNÖA STJÄRNA,rug,100
SNÖA STJÄRNA,sleeping bag/comforter,0
SNÖA,bag,100
SNÖA,cushion,0
SNÖA,napkin,100
SNÖA,shower curtain,0
SNÖA,tablecloth,100
SNÖA,throw,0
SNODD,knob,100
SNÖIG,floor lamp,0
SNÖIG,pendant lamp,100
SNÖIG,wall lamp,0
SNÖIG,work lamp,100
SNÖRIK,pastry cutter,0
SNÖRIK,tin,100
SNÖVITA,24-piece gift wrap and label set,0
SNÖVITA,block candle,100
SNÖVITA,candle in glass,0
SNÖVITA,card with envelope,100
SNÖVITA,decorative bow,0
SNÖVITA,double-sided gift wrap,100
SNÖVITA,gift bag,0
SNÖVITA,gift bag,100
SNÖVITA,gift bag,0
SNÖVITA,gift box,100
SNÖVITA,gift card,0
SNÖVITA,gift wrap,100
SNÖVITA,lantern for block candle,0
SNÖVITA,lantern for candle in a metal cup,100
SNÖVITA,plant pot,0
SNÖVITA,ribbon,100
SNÖVITA,ribbon,0
SNÖVITA,scented candle in glass,100
SNÖVITA,tealight holder,0
SNUDDA,lazy Susan,100
SOCKER,series,0
SOCKERÄRT,vase,100
SODA,drinking straw,0
SOFIA,fabric,100
SOLMYRA,picture,0
SOLSTA OLARP,chair,100
SOLSTA PÄLLBO,footstool,0
SOLSTA,sofa bed,100
SOLSTRÅLE,vase,0
SOLVAR,chair,100
SOLVEIG,panel curtain,0
SOMNAT,crib,100
SOMRIG,vase,0
SÖNDRUM,series,100
SONGE,mirror,0
SORGLÖS,vase,100
SÖRLI,mirror,0
SORTERA,recycling bin with lid,100
SORTI,place mat,0
SÖRUM,nightstand,100
SPALT,napkin ring/place card stand,0
SPÄNN,handle,100
SPARKA,soft toy,0
SPÄRRA,plastic sheeting,100
SPARSAM,compact twin tube,0
SPARSAM,fluorescent tube T5,100
SPARSAM,low-energy bulb,0
SPATHIPHYLLUM,potted plant,100
SPEJA,tunnel,0
SPÖKA,night light,100
SPOLING,eries,0
SPONTAN,container for metal board,100
SPONTAN,magnetic board,0
SPONTAN,series,100
SPRALLIG,knob/hook rack,0
SPRITTA,series,100
STABIL,lid,0
STABIL,pasta insert,100
STABIL,series,0
STACKIG,tray,100
STÄLL,series,0
STÄM,series,100
STAPEL,basket,0
STARTBOX PLUS,60-piece dinnerware set,100
STAVE,mirror,0
STEFAN,chair,100
STEK,knife,0
STEKA,frying pan,100
STENSTORP,kitchen cart,0
STENSTORP,kitchen island,100
STENSTORP,wall shelf,0
STIL,series,100
STJÄLK,vase,0
STOLMEN,system,100
STOPP FILT,rug underlay with anti-slip,0
STOPP,anti-slip underlay,100
STORÅ,loft bed frame,0
STORNÄS,buffet,100
STORNÄS,dining table,0
STRÅLANDE,chopper,100
STRÅLANDE,grater with container,0
STRÅLANDE,grater with handle,100
STRÅLANDE,rotary grater,0
STRÄNGNÄS,series,100
STRÄNGSMÅLA,frame,0
STRANNE,floor lamp,100
STRANNE,table lamp,0
STRECKET,handle,100
STRIB,rug,0
STRIKT,series,100
STRIND,coffee table,0
STRÖSSEL,ice-cream scoop,100
STUVA,system,0
STYCKE,shade,100
SUCCULENT,potted plant,0
SULTAN ALSARP,foundation with storage,100
SULTAN ÅRAM,foundation,0
SULTAN ATNA,box spring,100
SULTAN ELSFJORD,latex mattress,0
SULTAN ENGENES,latex mattress,100
SULTAN ERFJORD,natural latex mattress,0
SULTAN FÅVANG,high-resilience foam mattress,100
SULTAN FIDJETUN,memory foam mattress,0
SULTAN FINNVIK,memory foam mattress,100
SULTAN FJORDGARD,latex and foam mattress,0
SULTAN FLOKENES,memory foam mattress,100
SULTAN FLORVÅG,foam mattress,0
SULTAN FONNES,foam mattress,100
SULTAN FOSSING,latex and foam mattress,0
SULTAN HAGAVIK,active-response coil mattress,100
SULTAN HAMNVIK,active-response coil mattress,0
SULTAN HANESTAD,active-response coil mattress,100
SULTAN HARESTUA,spring mattress,0
SULTAN HJARTDAL,memory foam pillowtop mattress,100
SULTAN HJELMÅS,latex pillowtop spring mattress,0
SULTAN HUGLO,spring mattress,100
SULTAN LADE,slatted bed base,0
SULTAN LANGHUS,slatted bed base,100
SULTAN LAUKVIK,slatted bed base,0
SULTAN LAXEBY,slatted bed base,100
SULTAN LERBÄCK,slatted bed base,0
SULTAN LONEVÅG,slatted bed base,100
SULTAN LURÖY,slatted bed base,0
SULTAN TAFJORD,pillowtop,100
SULTAN TÅRSTA,pillowtop,0
SULTAN TJÖME,pillowtop,100
SULTAN TOLG,pillowtop,0
SULTAN TVEIT,pillowtop,100
SULTAN,connection fitting for spring bases,0
SULTAN,leg,100
SULTAN,support leg,0
SUMMERA,series,100
SUNNAN,work lamp,0
SUPERFIN,tealight holder,100
SUVERÄN,mattress cover,0
SVAJS,clothes cover,100
SVALA,children's table,0
SVALBO,dining table,100
SVALBO,sideboard,0
SVALKA,series,100
SVEJE,rug,0
SVEP,handle,100
SVEP,knob,0
SVIND TV,unit,100
SVIT,20-piece cutlery set,0
SY,7-piece start box,100
SY,iron-on hemming tape,0
SY,pinking shears,100
SY,scissors,0
SY,sewing thread,100
SYNTES KONST,bowl,0
TACKSAM,curtain rod set,100
TAG,handle,0
TAJMA,wall clock,100
TAJT,vase,0
TÄLJARE,curtain rod set,100
TALLVIK,table lamp,0
TÄNDA,timer,100
TANJA BRODYR,duvet cover and pillowsham(s),0
TÄRNAN,single lever kitchen faucet,100
TÅRNBY,rug,0
TÅRTA MANDEL,almond cake,100
TASSA NATT,wall lamp,0
TEKLA,dish towel,100
TERJE,folding chair,0
TERMOSFÄR,low-voltage wire system 5 spots,100
TERTIAL,work lamp,0
TEXTUR,floor lamp,100
TEXTUR,floor/table lamp,0
TEXTUR,table lamp,100
THISTED,hand towel,0
TIDIG,ceiling spotlight with 5 spots,100
TINDRA,seies,0
TIRUP,swivel chair,100
TITTA DJUR,finger puppet,0
TITTA FOLK,finger puppet,100
TJUSIG,series,0
TOBIAS,chair,100
TOBO TV,panel,0
TOBO TV,panel with media storage,100
TOBO TV,unit,0
TOFTBO,bathmat,100
TOGA,place mat,0
TOKIG,salad spinner,100
TOLGA,organizer,0
TOLGA,series,100
TOLSBY,frame for 2 pictures,0
TORBJÖRN,swivel chair,100
TORKA,decoration ball,0
TORKA,decorative stalk,100
TORKA,dried bouquet,0
TORSBY,collection,100
TORSBY,table,0
TOSTARP,series,100
TRÅDIG,bowl,0
TRÅDIG,candlestick,100
TRÅL,series,0
TRAMPA,door mat,100
TRANBY,mirror,0
TRATT,candle snuffer,100
TRENSUM,mirror,0
TRILLING,poster,100
TRIPP,storage tin with lid,0
TRIVSAM,coffee cup and saucer,100
TRIVSAM,espresso cup and saucer,0
TRIVSAM,series,100
TRIVSAM,serving bowl,0
TRIVSAM,serving plate,100
TROFAST,ext bed frame with slatted bed base,0
TROFAST,toy storage series,100
TROJKA,scissors,0
TROJKA,scissors,100
TROLIG,curtain rod set,0
TROLLFJORDEN,toiletries bag,100
TROLLSTA,series,0
TROMSNES,day-bed frame,100
TROMSÖ,series,0
TRONDHEIM,series,100
TRONES,shoe storage,0
TROPISK,potted plant,100
TROSS,track light with 3 spotlights,0
TRYGG,serving bowl,100
TRYTA,bench,0
TULLSTA,chair,100
TULSEBODA,candle holder,0
TULSEBODA,candlestick,100
TULSEBODA,tealight holder,0
TUNDRA,floor,100
TUNDRA,molding,0
TUNDRA,multi-function profile,100
TUPPLUR,pair of curtains,0
TUPPLUR,roller blind,100
TVÅBLAD CIRKEL,duvet cover and pillowcase(s),0
TVÅBLAD RUND,duvet cover and pillowcase(s),100
TVÅBLAD,duvet cover and pillowcase(s),0
TVILLING,poster,100
TYDA,handle,0
TYGLÖSA,frame,100
TYLÖSAND,corner sofa/sofa-bed,0
TYLÖSAND,footstool,100
TYLÖSAND,one-seat section,0
TYLÖSAND,series,100
TYLÖSAND,sofa bed slipcover,0
TYSNES,table mirror,100
TYST,coaster,0
TYST,place mat,100
ULDUM,rug,0
ULLAKAJSA,roller blind,100
ULSBERG,mirror,0
ULSBERG,nightstand,100
UNG DRILL,frame,0
UNNI,rug,100
UNNI,rug,0
UPPENBAR,measuring cup,100
UPPLEVA ORMO,wall bracket for flat screen TV,0
UPPTÄCKA,backpack on wheels,100
UPPTÄCKA,bag,0
UPPTÄCKA,briefcase,100
UPPTÄCKA,carry-on with wheels and briefcase,0
UPPTÄCKA,laptop bag,100
UPPTÄCKA,shopping bag with wheels,0
UPPTÄCKA,toiletries bag,100
UPPTÄCKA,umbrella,0
UPPTÄCKA,weekend bag with toilet bag,100
URBAN,bar stool,0
URBAN,chair,100
UTBY,bar table,0
UTBY,kitchen island,100
UTBY,series,0
UTBY,underframe,100
UTMÄRKT,series,0
UTSIRA,mirror,100
VÅGEN,curtain rod set,0
VÅGEN,double wall hardware,100
VÅGEN/ENJE,window solution,0
VÄGGIS,noticeboard,100
VÄGHULT,series,0
VAKEN,glass,100
VALBY RUTA,rug,0
VALBY,rug,100
VALLVIK,3 drawer chest,0
VALLVIK,6-drawer dresser,100
VALLVIK TV,bench/coffee table,0
VALLVIK,bookcase,100
VÄNLIG,series,0
VÄNNA,unknown,100
VANVIK,bed frame,0
VÄRDE,base cabinet,100
VÄRDE,countertop,0
VÄRDE,double bowl sink,100
VÄRDE,glass-door wall cabinet,0
VÄRDE,high cabinet f built-in oven/micro,100
VÄRDE,series,0
VÄRDE,shelving unit,100
VÄRME,teapot,0
VARSAM,tray,100
VARSE,paper napkin,0
VASEN,vase,100
VÄTE,series,0
VEJEN,rug,100
VEJMON,coffee table,0
VEJMON,series,100
VEJMON,side table,0
VERKLIG,curtain rod set,100
VERKSAM,pair of armrests,0
VERKSAM,swivel chair,100
VESSLA,lid,0
VESSLA,storage crate with casters,100
VIKA AMON/VIKA CURRY,table,0
VIKA,table bar,100
VIKARE,guard rail,0
VIKIS,alarm clock,100
VILA,3-piece sheet set,0
VILA,pillow sham,100
VILDBÄR,spray bottle,200
VILDRIS,duvet cover and pillowcase(s),200
VILMIE,collection,0
VILSHULT,picture,100
VILSHULT,series,0
VINDE,rug,100
VINNA,handle,0
VINSTRA,6-drawer dresser,100
VINSTRA,dressing table with mirror,0
VINSTRA,nightstand,100
VIPPA,hook,0
VIREN,series,100
VIRRE,slide with ladder and guard rail,0
VIRSERUM,series,100
VISEN,series,0
VISEN,toilet roll holder,100
VISEN,tumbler,0
VISEN,wire basket,100
VITAMIN,stool,0
VITAMINER,textiles,100
VITSKÄR,3-piece bathroom set,0
VITSKÄR,soap dish,100
VITSKÄR,toothbrush holder,0
VITTEN,rug,100
VIVAN,pair of curtains,0
VOLMAR,swivel chair,100
VOLYM,steel vacuum flask,0
VRETA,chair,100
VRETA,corner sofa w end unit left,0
VRETA,corner sofa with arm left,100
VRETA,corner sofa with arm right,0
VRETA,corner sofa with end unit right,100
VRETA,end unit/footstool,0
VRETA,footstool,100
VRETA,loveseat,0
VRETA,series,100
VRETA,sofa,0
VRETA,sofa bed,100
VRETA,swivel/reclining/armchair,0
VURM,4-bottle wine rack,100
VYSSA,series,0
WILMA,pair of curtains,100
YNGAREN,bottle,0
YNGAREN,bowl,100
YNGAREN,jar with lid,0
YNGAREN,soap dispenser,100
YNGAREN,tumbler,0
YNGSJÖ,tealight holder,100
YSTER,handle,0
YUCCA ELEPHANTIPES,potted plant,100
ZITA RAND,apron,0
ZITA,oven mitt,100